Workbook

Sheet PER2vsSRSF3
A3: Recap PER2 vs SRSF3 / Hepg2 cells PER2-GFP + SRSF3 endogenous
A4: Cell number | B4: 1 | C4: 2 | D4: 3 | E4: 4 | F4: 5 | G4: 6 | H4: 7 | I4: 8 | J4: 9 | K4: 10 | L4: 11 | M4: 12 | N4: 13 | O4: 14 | P4: 15 | Q4: 16 | R4: 17 | S4: 18 | T4: 19 | U4: 20 | V4: 21 | W4: 22 | X4: 23 | Y4: 24 | Z4: 25 | AA4: 26 | AB4: 27 | AC4: Average | AD4: SD
A5: Pearson's R | B5: 0.79 | C5: 0.75 | D5: 0.33 | E5: 0.79 | F5: 0.46 | G5: 0.76 | H5: 0.7 | I5: 0.66 | J5: 0.74 | K5: 0.71 | L5: 0.58 | M5: 0.64 | N5: 0.75 | O5: 0.64 | P5: 0.77 | Q5: 0.68 | R5: 0.64 | S5: 0.72 | T5: 0.7 | U5: 0.77 | V5: 0.77 | W5: 0.55 | X5: 0.62 | Y5: 0.76 | Z5: 0.81 | AA5: 0.79 | AB5: 0.55 | AC5: =AVERAGE(B5:C5,E5:AB5) -> 0.69615385 | AD5: =STDEV(B5:C5,E5:AB5) -> 0.089714076
A6: Spearman's ρ | B6: 0.845 | C6: 0.74 | D6: 0.41 | E6: 0.814 | F6: 0.54 | G6: 0.813 | H6: 0.7 | I6: 0.85 | J6: 0.85 | K6: 0.879 | L6: 0.678 | M6: 0.7 | N6: 0.83 | O6: 0.67 | P6: 0.8 | Q6: 0.73 | R6: 0.799 | S6: 0.867 | T6: 0.82 | U6: 0.83 | V6: 0.86 | W6: 0.7 | X6: 0.797 | Y6: 0.828 | Z6: 0.879 | AA6: 0.853 | AB6: 0.58 | AC6: =AVERAGE(B6:C6,E6:AB6) -> 0.77892308 | AD6: =STDEV(B6:C6,E6:AB6) -> 0.091323129
A7: Li's ICQ | B7: 0.322 | C7: 0.311 | D7: 0.137 | E7: 0.338 | F7: 0.222 | G7: 0.336 | H7: 0.257 | I7: 0.337 | J7: 0.36 | K7: 0.379 | L7: 0.262 | M7: 0.28 | N7: 0.339 | O7: 0.239 | P7: 0.317 | Q7: 0.288 | R7: 0.309 | S7: 0.361 | T7: 0.327 | U7: 0.328 | V7: 0.377 | W7: 0.283 | X7: 0.316 | Y7: 0.333 | Z7: 0.387 | AA7: 0.359 | AB7: 0.218 | AC7: =AVERAGE(B7:C7,E7:AB7) -> 0.31480769 | AD7: =STDEV(B7:C7,E7:AB7) -> 0.046886262
A8: Costes P-value | B8: 1 | C8: 1 | D8: 1 | E8: 1 | F8: 1 | G8: 1 | H8: 1 | I8: 1 | J8: 1 | K8: 1 | L8: 1 | M8: 1 | N8: 1 | O8: 1 | P8: 1 | Q8: 1 | R8: 1 | S8: 1 | T8: 1 | U8: 1 | V8: 1 | W8: 1 | X8: 1 | Y8: 1 | Z8: 1 | AA8: 1 | AB8: 1 | AC8: =AVERAGE(B8:C8,E8:AB8) -> 1 | AD8: =STDEV(B8:C8,E8:AB8) -> 0
A9: tM1 | B9: 0.572 | C9: 0.679 | D9: 0.757 | E9: 0.861 | F9: 0.691 | G9: 0.84 | H9: 0.85 | I9: 0.459 | J9: 0.618 | K9: 0.365 | L9: 0.785 | M9: 0.89 | N9: 0.471 | O9: 0.782 | P9: 0.503 | Q9: 0.546 | R9: 0.887 | S9: 0.497 | T9: 0.482 | U9: 0.663 | V9: 0.933 | W9: 0.629 | X9: 0.824 | Y9: 0.557 | Z9: 0.443 | AA9: 0.619 | AB9: 0.74 | AC9: =AVERAGE(B9:C9,E9:AB9) -> 0.661 | AD9: =STDEV(B9:C9,E9:AB9) -> 0.16514987
A10: tM2 | B10: 0.49 | C10: 0.593 | D10: 0.559 | E10: 0.874 | F10: 0.656 | G10: 0.79 | H10: 0.819 | I10: 0.215 | J10: 0.486 | K10: 0.296 | L10: 0.69 | M10: 0.874 | N10: 0.361 | O10: 0.652 | P10: 0.418 | Q10: 0.5472 | R10: 0.892 | S10: 0.31 | T10: 0.348 | U10: 0.664 | V10: 0.943 | W10: 0.402 | X10: 0.737 | Y10: 0.498 | Z10: 0.417 | AA10: 0.573 | AB10: 0.841 | AC10: =AVERAGE(B10:C10,E10:AB10) -> 0.59177692 | AD10: =STDEV(B10:C10,E10:AB10) -> 0.2117076
B11: N1 | I11: N2 | M11: N3 | Q11: N4
A13: Recap PER2 vs SRSF3 / Hepg2 cells PER2-GFP + HA-SRSF3 overexp
A14: Cell number | B14: 1 | C14: 2 | D14: 3 | E14: 4 | F14: 5 | G14: 6 | H14: Average | I14: SD
A15: Pearson's R | B15: 0.78 | C15: 0.55 | D15: 0.51 | E15: 0.61 | F15: 0.88 | G15: 0.81 | H15: =AVERAGE(B15:G15) -> 0.69 | I15: =STDEV(B15:G15) -> 0.15297059
A16: Spearman's ρ | B16: 0.783 | C16: 0.732 | D16: 0.784 | E16: 0.8 | F16: 0.909 | G16: 0.85 | H16: =AVERAGE(B16:G16) -> 0.80966667 | I16: =STDEV(B16:G16) -> 0.061626834
A17: Li's ICQ | B17: 0.338 | C17: 0.25 | D17: 0.293 | E17: 0.307 | F17: 0.391 | G17: 0.338 | H17: =AVERAGE(B17:G17) -> 0.3195 | I17: =STDEV(B17:G17) -> 0.047928071
A18: Costes P-value | B18: 1 | C18: 1 | D18: 1 | E18: 1 | F18: 1 | G18: 1 | H18: =AVERAGE(B18:G18) -> 1 | I18: =STDEV(B18:G18) -> 0
A19: tM1 | B19: 0.865 | C19: 0.475 | D19: 0.562 | E19: 0.482 | F19: 0.701 | G19: 0.899 | H19: =AVERAGE(B19:G19) -> 0.664 | I19: =STDEV(B19:G19) -> 0.18774664
A20: tM2 | B20: 0.924 | C20: 0.15 | D20: 0.185 | E20: 0.315 | F20: 0.825 | G20: 0.954 | H20: =AVERAGE(B20:G20) -> 0.55883333 | I20: =STDEV(B20:G20) -> 0.38123453
B21: N1

Sheet PER2vsSC35
A3: Recap PER2 vs SC35 / Hepg2 cells PER2-GFP + SRSF3 endogenous
A4: Cell number | B4: 1 | C4: 2 | D4: 3 | E4: 4 | F4: 5 | G4: 6 | H4: 7 | I4: 8 | J4: 9 | K4: 10 | L4: 11 | M4: 12 | N4: 13 | O4: 14 | P4: 15 | Q4: 16 | R4: 17 | S4: 18 | T4: 19 | U4: 20 | V4: 21 | W4: 22 | X4: 23 | Y4: 24 | Z4: 25 | AA4: 26 | AB4: 27 | AC4: Average | AD4: SD
A5: Pearson's R | B5: 0.36 | C5: 0.24 | D5: 0.04 | E5: 0.52 | F5: 0.03 | G5: 0.23 | H5: 0.25 | I5: 0.14 | J5: 0.37 | K5: 0.18 | L5: 0.14 | M5: 0.29 | N5: 0.37 | O5: 0.14 | P5: 0.59 | Q5: 0.36 | R5: 0.45 | S5: 0.22 | T5: 0.4 | U5: 0.45 | V5: 0.32 | W5: 0.27 | X5: 0.34 | Y5: 0.46 | Z5: 0.39 | AA5: 0.41 | AB5: 0.25 | AC5: =AVERAGE(PER2vsSC35!B5:C5,PER2vsSC35!E5,G5:AB5) -> 0.32782609 | AD5: =STDEV(PER2vsSC35!B5:C5,PER2vsSC35!E5,G5:AB5) -> 0.12420498
A6: Spearman's ρ | B6: 0.76 | C6: 0.69 | D6: 0.407 | E6: 0.807 | F6: 0.47 | G6: 0.722 | H6: 0.447 | I6: 0.68 | J6: 0.79 | K6: 0.74 | L6: 0.52 | M6: 0.61 | N6: 0.79 | O6: 0.5 | P6: 0.69 | Q6: 0.725 | R6: 0.79 | S6: 0.749 | T6: 0.77 | U6: 0.789 | V6: 0.788 | W6: 0.69 | X6: 0.789 | Y6: 0.765 | Z6: 0.79 | AA6: 0.8 | AB6: 0.6 | AC6: =AVERAGE(PER2vsSC35!B6:C6,PER2vsSC35!E6,G6:AB6) -> 0.71047826 | AD6: =STDEV(PER2vsSC35!B6:C6,PER2vsSC35!E6,G6:AB6) -> 0.10536813
A7: Li's ICQ | B7: 0.272 | C7: 0.165 | D7: 0.077 | E7: 0.324 | F7: 0.123 | G7: 0.221 | H7: 0.144 | I7: 0.278 | J7: 0.313 | K7: 0.25 | L7: 0.169 | M7: 0.207 | N7: 0.26 | O7: 0.111 | P7: 0.249 | Q7: 0.226 | R7: 0.33 | S7: 0.289 | T7: 0.286 | U7: 0.27 | V7: 0.279 | W7: 0.274 | X7: 0.314 | Y7: 0.275 | Z7: 0.309 | AA7: 0.292 | AB7: 0.188 | AC7: =AVERAGE(PER2vsSC35!B7:C7,PER2vsSC35!E7,G7:AB7) -> 0.25469565 | AD7: =STDEV(PER2vsSC35!B7:C7,PER2vsSC35!E7,G7:AB7) -> 0.058407218
A8: Costes P-value | B8: 1.00 | C8: 1.00 | D8: 0.79 | E8: 1 | F8: 0.59 | G8: 1 | H8: 1 | I8: 0.98 | J8: 1 | K8: 1 | L8: 1 | M8: 1 | N8: 1 | O8: 0.95 | P8: 1 | Q8: 1 | R8: 1 | S8: 1 | T8: 1 | U8: 1 | V8: 1 | W8: 1 | X8: 1 | Y8: 1 | Z8: 1 | AA8: 1 | AB8: 1 | AC8: =AVERAGE(PER2vsSC35!B8:C8,PER2vsSC35!E8,G8:AB8) -> 0.99695652 | AD8: =STDEV(PER2vsSC35!B8:C8,PER2vsSC35!E8,G8:AB8) -> 0.011051443
A9: tM1 | B9: 0.706 | C9: 0.321 | D9: 0.034 | E9: 0.354 | F9: 0.165 | G9: 0.367 | H9: 0.38 | I9: 0.472 | J9: 0.356 | K9: 0.845 | L9: 0.549 | M9: 0.16 | N9: 0.108 | O9: 0.534 | P9: 0.578 | Q9: 0.711 | R9: 0.651 | S9: 0.776 | T9: 0.214 | U9: 0.103 | V9: 0.368 | W9: 0.613 | X9: 0.61 | Y9: 0.212 | Z9: 0.059 | AA9: 0.078 | AB9: 0.721 | AC9: =AVERAGE(PER2vsSC35!B9:C9,PER2vsSC35!E9,G9:AB9) -> 0.42691304 | AD9: =STDEV(PER2vsSC35!B9:C9,PER2vsSC35!E9,G9:AB9) -> 0.2411659
A10: tM2 | B10: 0.740 | C10: 0.659 | D10: 0.423 | E10: 0.548 | F10: 0.237 | G10: 0.657 | H10: 0.647 | I10: 0.702 | J10: 0.576 | K10: 0.789 | L10: 0.591 | M10: 0.434 | N10: 0.462 | O10: 0.62 | P10: 0.744 | Q10: 0.535 | R10: 0.692 | S10: 0.699 | T10: 0.442 | U10: 0.428 | V10: 0.628 | W10: 0.653 | X10: 0.728 | Y10: 0.441 | Z10: 0.357 | AA10: 0.422 | AB10: 0.811 | AC10: =AVERAGE(PER2vsSC35!B10:C10,PER2vsSC35!E10,G10:AB10) -> 0.59156522 | AD10: =STDEV(PER2vsSC35!B10:C10,PER2vsSC35!E10,G10:AB10) -> 0.13118232
B11: N1 | I11: N2 | M11: N3 | Q11: N4
A14: Recap PER2 vs SC35 / Hepg2 cells PER2-GFP + HA-SRSF3 overexp
A15: Cell number | B15: 1 | C15: 2 | D15: 3 | E15: 4 | F15: 5 | G15: 6 | H15: Average | I15: SD
A16: Pearson's R | B16: 0.41 | C16: 0.13 | D16: 0.16 | E16: 0.23 | F16: 0.63 | G16: 0.28 | H16: =AVERAGE(B16:G16) -> 0.30666667 | I16: =STDEV(B16:G16) -> 0.18683326
A17: Spearman's ρ | B17: 0.746 | C17: 0.559 | D17: 0.614 | E17: 0.746 | F17: 0.853 | G17: 0.72 | H17: =AVERAGE(B17:G17) -> 0.70633333 | I17: =STDEV(B17:G17) -> 0.10495459
A18: Li's ICQ | B18: 0.301 | C18: 0.237 | D18: 0.285 | E18: 0.296 | F18: 0.335 | G18: 0.228 | H18: =AVERAGE(B18:G18) -> 0.28033333 | I18: =STDEV(B18:G18) -> 0.040741461
A19: Costes P-value | B19: 1 | C19: 0.98 | D19: 1 | E19: 1 | F19: 1 | G19: 1 | H19: =AVERAGE(B19:G19) -> 0.99666667 | I19: =STDEV(B19:G19) -> 0.0081649658
A20: tM1 | B20: 0.039 | C20: 0.433 | D20: 0.458 | E20: 0.058 | F20: 0.426 | G20: 0.076 | H20: =AVERAGE(B20:G20) -> 0.24833333 | I20: =STDEV(B20:G20) -> 0.2094628
A21: tM2 | B21: 0.257 | C21: 0.64 | D21: 0.584 | E21: 0.435 | F21: 0.656 | G21: 0.484 | H21: =AVERAGE(B21:G21) -> 0.50933333 | I21: =STDEV(B21:G21) -> 0.15099625

Sheet SC35vsSRSF3
A3: Recap SC35 vs SRSF3 / Hepg2 cells PER2-GFP + SRSF3 endogenous
A4: Cell number | B4: 1 | C4: 2 | D4: 3 | E4: 4 | F4: 5 | G4: 6 | H4: 7 | I4: 8 | J4: 9 | K4: 10 | L4: 11 | M4: 12 | N4: 13 | O4: 14 | P4: 15 | Q4: 16 | R4: 17 | S4: 18 | T4: 19 | U4: 20 | V4: 21 | W4: 22 | X4: 23 | Y4: 24 | Z4: 25 | AA4: 26 | AB4: 27 | AC4: Average | AD4: SD
A5: Pearson's R | B5: 0.51 | C5: 0.44 | D5: 0.21 | E5: 0.64 | F5: 0.32 | G5: 0.44 | H5: 0.43 | I5: 0.34 | J5: 0.5 | K5: 0.3 | L5: 0.41 | M5: 0.4 | N5: 0.46 | O5: 0.31 | P5: 0.59 | Q5: 0.5 | R5: 0.59 | S5: 0.41 | T5: 0.52 | U5: 0.58 | V5: 0.48 | W5: 0.56 | X5: 0.57 | Y5: 0.53 | Z5: 0.53 | AA5: 0.5 | AB5: 0.54 | AC5: =AVERAGE(B5:C5,E5:AB5) -> 0.47708333 | AD5: =STDEV(B5:C5,E5:AB5) -> 0.096164676
A6: Spearman's ρ | B6: 0.83 | C6: 0.77 | D6: 0.499 | E6: 0.88 | F6: 0.78 | G6: 0.79 | H6: 0.65 | I6: 0.718 | J6: 0.81 | K6: 0.75 | L6: 0.6365 | M6: 0.64 | N6: 0.79 | O6: 0.56 | P6: 0.67 | Q6: 0.756 | R6: 0.8 | S6: 0.788 | T6: 0.768 | U6: 0.835 | V6: 0.8 | W6: 0.81 | X6: 0.847 | Y6: 0.788 | Z6: 0.844 | AA6: 0.827 | AB6: 0.836 | AC6: =AVERAGE(B6:C6,E6:AB6) -> 0.7655625 | AD6: =STDEV(B6:C6,E6:AB6) -> 0.080199929
A7: Li's ICQ | B7: 0.276 | C7: 0.163 | D7: 0.036 | E7: 0.324 | F7: 0.211 | G7: 0.233 | H7: 0.205 | I7: 0.239 | J7: 0.299 | K7: 0.226 | L7: 0.165 | M7: 0.195 | N7: 0.236 | O7: 0.088 | P7: 0.218 | Q7: 0.203 | R7: 0.303 | S7: 0.261 | T7: 0.235 | U7: 0.259 | V7: 0.264 | W7: 0.243 | X7: 0.287 | Y7: 0.27 | Z7: 0.308 | AA7: 0.266 | AB7: 0.291 | AC7: =AVERAGE(B7:C7,E7:AB7) -> 0.242875 | AD7: =STDEV(B7:C7,E7:AB7) -> 0.051779056
A8: Costes P-value | B8: 1.00 | C8: 1.00 | D8: 0.715 | E8: 1 | F8: 1 | G8: 1 | H8: 1 | I8: 1 | J8: 1 | K8: 1 | L8: 1 | M8: 1 | N8: 1 | O8: 1 | P8: 1 | Q8: 1 | R8: 1 | S8: 1 | T8: 1 | U8: 1 | V8: 1 | W8: 1 | X8: 1 | Y8: 1 | Z8: 1 | AA8: 1 | AB8: 1 | AC8: =AVERAGE(B8:C8,E8:AB8) -> 1 | AD8: =STDEV(B8:C8,E8:AB8) -> 0
A9: tM1 | B9: 0.182 | C9: 0.001 | D9: 0.209 | E9: 0 | F9: 0.507 | G9: 0.061 | H9: 0.106 | I9: 0.496 | J9: 0.005 | K9: 0.405 | L9: 0.329 | M9: 0.331 | N9: 0.086 | O9: 0.536 | P9: 0.719 | Q9: 0.247 | R9: 0.004 | S9: 0.395 | T9: 0.124 | U9: 0.187 | V9: 0.208 | W9: 0.271 | X9: 0.166 | Y9: 0.17 | Z9: 0.126 | AA9: 0.189 | AB9: 0.256 | AC9: =AVERAGE(B9:C9,E9:AB9) -> 0.24683333 | AD9: =STDEV(B9:C9,E9:AB9) -> 0.18731226
A10: tM2 | B10: 0.107 | C10: 0.076 | D10: 1 | E10: 0.051 | F10: 0.141 | G10: 0.81 | H10: 0.07 | I10: 0.108 | J10: 0.072 | K10: 0.122 | L10: 0.105 | M10: 0.12 | N10: 0.071 | O10: 0.065 | P10: 0.49 | Q10: 0.103 | R10: 0.066 | S10: 0.078 | T10: 0.087 | U10: 0.092 | V10: 0.073 | W10: 0.096 | X10: 0.1 | Y10: 0.133 | Z10: 0.104 | AA10: 0.104 | AB10: 0.117 | AC10: =AVERAGE(B10:C10,E10:AB10) -> 0.14075 | AD10: =STDEV(B10:C10,E10:AB10) -> 0.16539656
B11: N1 | I11: N2 | M11: N3 | Q11: N4
A14: Recap SC35 vs SRSF3 / Hepg2 cells PER2-GFP + HA-SRSF3 overexp
A15: Cell number | B15: 1 | C15: 2 | D15: 3 | E15: 4 | F15: 5 | G15: 6 | H15: Average | I15: SD
A16: Pearson's R | B16: 0.43 | C16: 0.38 | D16: 0.5 | E16: 0.43 | F16: 0.74 | G16: 0.39 | H16: =AVERAGE(B16:G16) -> 0.47833333 | I16: =STDEV(B16:G16) -> 0.13496913
A17: Spearman's ρ | B17: 0.783 | C17: 0.72 | D17: 0.724 | E17: 0.778 | F17: 0.87 | G17: 0.733 | H17: =AVERAGE(B17:G17) -> 0.768 | I17: =STDEV(B17:G17) -> 0.056910456
A18: Li's ICQ | B18: 0.302 | C18: 0.19 | D18: 0.267 | E18: 0.243 | F18: 0.394 | G18: 0.226 | H18: =AVERAGE(B18:G18) -> 0.27033333 | I18: =STDEV(B18:G18) -> 0.071376934
A19: Costes P-value | B19: 1 | C19: 1 | D19: 1 | E19: 1 | F19: 1 | G19: 1 | H19: =AVERAGE(B19:G19) -> 1 | I19: =STDEV(B19:G19) -> 0
A20: tM1 | B20: 0.173 | C20: 0.614 | D20: 0.369 | E20: 0.292 | F20: 0.133 | G20: 0.216 | H20: =AVERAGE(B20:G20) -> 0.2995 | I20: =STDEV(B20:G20) -> 0.17578026
A21: tM2 | B21: 0.035 | C21: 0.162 | D21: 0.149 | E21: 0.055 | F21: 0.156 | G21: 0.045 | H21: =AVERAGE(B21:G21) -> 0.10033333 | I21: =STDEV(B21:G21) -> 0.061082458

Sheet Nuclei-PER2-SRSF3mouse
A2: Recap PER2 vs SRSF3 / Nuclei CT20 Z=1
A3: Nuclei number | B3: 1 | C3: 2 | D3: 3 | E3: 4 | F3: 5 | G3: 6 | H3: 7 | I3: 8 | J3: 9 | K3: 10 | L3: 11 | M3: Average
A4: Pearson's R | B4: 0.46 | C4: 0.38 | D4: 0.16 | E4: 0.36 | F4: 0.35 | G4: 0.48 | H4: 0.3 | I4: 0.39 | J4: 0.49 | K4: 0.44 | L4: 0.33 | M4: =AVERAGE(B4:L4) -> 0.37636364
A5: Spearman's ρ | B5: 0.52 | C5: 0.397 | D5: 0.2 | E5: 0.43 | F5: 0.44 | G5: 0.59 | H5: 0.34 | I5: 0.45 | J5: 0.568 | K5: 0.5 | L5: 0.38 | M5: =AVERAGE(B5:L5) -> 0.43772727
A6: Li's ICQ | B6: 0.178 | C6: 0.129 | D6: 0.064 | E6: 0.132 | F6: 0.138 | G6: 0.207 | H6: 0.111 | I6: 0.161 | J6: 0.225 | K6: 0.19 | L6: 0.14 | M6: =AVERAGE(B6:L6) -> 0.15227273
A7: Costes P-value | B7: 0.95 | C7: 0.99 | D7: 0.85 | E7: 0.89 | F7: 0.96 | G7: 0.96 | H7: 0.93 | I7: 0.99 | J7: 0.98 | K7: 0.99 | L7: 0.94 | M7: =AVERAGE(B7:L7) -> 0.94818182
A8: tM1 | B8: 0.808 | C8: 0.573 | D8: 0.404 | E8: 0.995 | F8: 0.762 | G8: 0.822 | H8: 0.574 | I8: 0.68 | J8: 0.817 | K8: 0.699 | L8: 0.599 | M8: =AVERAGE(B8:L8) -> 0.703
A9: tM2 | B9: 0.746 | C9: 0.535 | D9: 0.237 | E9: 0.927 | F9: 0.695 | G9: 0.777 | H9: 0.474 | I9: 0.6 | J9: 0.655 | K9: 0.636 | L9: 0.459 | M9: =AVERAGE(B9:L9) -> 0.61281818
A14: Recap PER2 vs SRSF3 / Nuclei CT20 Z=3
A15: Nuclei number | B15: 1 | C15: 2 | D15: 3 | E15: 4 | F15: 5 | G15: 6 | H15: 7 | I15: 8 | J15: 9 | K15: 10 | L15: 11 | M15: 12 | N15: 13 | O15: 14 | P15: 15 | Q15: 16 | R15: 17 | S15: 18 | T15: 19 | U15: 20 | V15: 21 | W15: 22 | X15: 23 | Y15: 24 | Z15: 25 | AA15: Average | AB15: SD
A16: Pearson's R | B16: 0.39 | C16: 0.25 | D16: 0.36 | E16: 0.36 | F16: 0.29 | G16: 0.36 | H16: 0.31 | I16: 0.42 | J16: 0.34 | K16: 0.27 | L16: 0.47 | M16: 0.38 | N16: 0.52 | O16: 0.4 | P16: 0.54 | Q16: 0.52 | R16: 0.47 | S16: 0.4 | T16: 0.55 | U16: 0.58 | V16: 0.5 | W16: 0.52 | X16: 0.58 | Y16: 0.48 | Z16: 0.55 | AA16: =AVERAGE(B16:Z16) -> 0.4324 | AB16: =STDEV(B16:Z16) -> 0.10030287
A17: Spearman's ρ | B17: 0.45 | C17: 0.27 | D17: 0.43 | E17: 0.44 | F17: 0.32 | G17: 0.416 | H17: 0.34 | I17: 0.51 | J17: 0.4 | K17: 0.43 | L17: 0.57 | M17: 0.49 | N17: 0.64 | O17: 0.5 | P17: 0.63 | Q17: 0.6 | R17: 0.53 | S17: 0.45 | T17: 0.63 | U17: 0.65 | V17: 0.55 | W17: 0.6 | X17: 0.62 | Y17: 0.55 | Z17: 0.62 | AA17: =AVERAGE(B17:Z17) -> 0.50544 | AB17: =STDEV(B17:Z17) -> 0.10826591
A18: Li's ICQ | B18: 0.155 | C18: 0.101 | D18: 0.157 | E18: 0.161 | F18: 0.111 | G18: 0.155 | H18: 0.133 | I18: 0.192 | J18: 0.137 | K18: 0.163 | L18: 0.198 | M18: 0.157 | N18: 0.242 | O18: 0.169 | P18: 0.229 | Q18: 0.213 | R18: 0.191 | S18: 0.164 | T18: 0.234 | U18: 0.25 | V18: 0.205 | W18: 0.248 | X18: 0.245 | Y18: 0.188 | Z18: 0.25 | AA18: =AVERAGE(B18:Z18) -> 0.18592 | AB18: =STDEV(B18:Z18) -> 0.044579442
A19: Costes P-value | B19: 1 | C19: 1 | D19: 1 | E19: 1 | F19: 1 | G19: 1 | H19: 1 | I19: 1 | J19: 1 | K19: 1 | L19: 1 | M19: 1 | N19: 1 | O19: 1 | P19: 1 | Q19: 1 | R19: 1 | S19: 1 | T19: 1 | U19: 1 | V19: 1 | W19: 1 | X19: 1 | Y19: 1 | Z19: 1 | AA19: =AVERAGE(B19:Z19) -> 1 | AB19: =STDEV(B19:Z19) -> 0
A20: tM1 | B20: 0.609 | C20: 0.524 | D20: 0.593 | E20: 0.731 | F20: 0.579 | G20: 0.604 | H20: 0.609 | I20: 0.798 | J20: 0.608 | K20: 0.641 | L20: 0.773 | M20: 0.749 | N20: 0.915 | O20: 0.779 | P20: 0.826 | Q20: 0.748 | R20: 0.705 | S20: 0.672 | T20: 0.831 | U20: 0.849 | V20: 0.78 | W20: 0.777 | X20: 0.833 | Y20: 0.764 | Z20: 0.848 | AA20: =AVERAGE(B20:Z20) -> 0.7258 | AB20: =STDEV(B20:Z20) -> 0.10473737
A21: tM2 | B21: 0.636 | C21: 0.291 | D21: 0.604 | E21: 0.607 | F21: 0.344 | G21: 0.468 | H21: 0.393 | I21: 0.631 | J21: 0.447 | K21: 0.532 | L21: 0.802 | M21: 0.69 | N21: 0.839 | O21: 0.743 | P21: 0.845 | Q21: 0.812 | R21: 0.762 | S21: 0.601 | T21: 0.801 | U21: 0.805 | V21: 0.742 | W21: 0.68 | X21: 0.705 | Y21: 0.734 | Z21: 0.724 | AA21: =AVERAGE(B21:Z21) -> 0.64952 | AB21: =STDEV(B21:Z21) -> 0.15829485
B23: SRSF3 mouse 1/200 | P23: SRSF3 mouse 1/50

Sheet U2OS-HA-SRSF3-Mutants
A2: PER2 vs SRSF3 / U2OS cells PER2-GFP + HA-SRSF3 WT | F2: PER2 vs SRSF3 / U2OS cells PER2-GFP + HA-SRSF3 P92-94G | N2: PER2 vs SRSF3 / U2OS cells PER2-GFP + HA-SRSF3 P109-111G | S2: PER2 vs SRSF3 / U2OS cells PER2-GFP + HA-SRSF3 P92-94G/P109-111G
A3: Cell number | B3: 1 | C3: 2 | F3: Cell number | G3: 1 | H3: 2 | I3: 3 | J3: 4 | K3: 5 | L3: 6 | N3: Cell number | O3: 1 | P3: 2 | S3: Cell number | T3: 1 | U3: 2 | V3: 3
A4: Pearson's R | B4: 0.61 | C4: 0.71 | F4: Pearson's R | G4: 0.72 | H4: 0.7 | I4: 0.61 | J4: 0.75 | K4: 0.71 | L4: 0.66 | N4: Pearson's R | O4: 0.69 | P4: 0.7 | S4: Pearson's R | T4: 0.41 | U4: 0.58 | V4: 0.55
A5: Spearman's ρ | B5: 0.68 | C5: 0.77 | F5: Spearman's ρ | G5: 0.785 | H5: 0.756 | I5: 0.71 | J5: 0.79 | K5: 0.76 | L5: 0.695 | N5: Spearman's ρ | O5: 0.737 | P5: 0.737 | S5: Spearman's ρ | T5: 0.711 | U5: 0.614 | V5: 0.59
A6: Li's ICQ | B6: 0.265 | C6: 0.297 | F6: Li's ICQ | G6: 0.326 | H6: 0.303 | I6: 0.281 | J6: 0.328 | K6: 0.301 | L6: 0.28 | N6: Li's ICQ | O6: 0.3 | P6: 0.298 | S6: Li's ICQ | T6: 0.295 | U6: 0.242 | V6: 0.226
A7: Costes P-value | B7: 1 | C7: 1 | F7: Costes P-value | G7: 1 | H7: 1 | I7: 1 | J7: 1 | K7: 1 | L7: 1 | N7: Costes P-value | O7: 1 | P7: 1 | S7: Costes P-value | T7: 1 | U7: 1 | V7: 1
A8: tM1 | B8: 0.847 | C8: 0.918 | F8: tM1 | G8: 0.94 | H8: 0.901 | I8: 0.845 | J8: 0.925 | K8: 0.936 | L8: 0.909 | N8: tM1 | O8: 0.889 | P8: 0.945 | S8: tM1 | T8: 0.748 | U8: 0.92 | V8: 0.893
A9: tM2 | B9: 0.855 | C9: 0.919 | F9: tM2 | G9: 0.905 | H9: 0.883 | I9: 0.813 | J9: 0.919 | K9: 0.927 | L9: 0.88 | N9: tM2 | O9: 0.907 | P9: 0.933 | S9: tM2 | T9: 0.699 | U9: 0.822 | V9: 0.826
A12: PER2 vs SC35 / U2OS cells PER2-GFP + HA-SRSF3 WT | F12: PER2 vs SC35 / U2OS cells PER2-GFP + HA-SRSF3 P92-94G | N12: PER2 vs SC35 / U2OS cells PER2-GFP + HA-SRSF3 P109-111G | S12: PER2 vs SC35 / U2OS cells PER2-GFP + HA-SRSF3 P92-94G/P109-111G
A13: Cell number | B13: 1 | C13: 2 | F13: Cell number | G13: 1 | H13: 2 | I13: 3 | J13: 4 | K13: 5 | L13: 6 | N13: Cell number | O13: 1 | P13: 2 | S13: Cell number | T13: 1 | U13: 2 | V13: 3
A14: Pearson's R | B14: 0.32 | C14: 0.26 | F14: Pearson's R | G14: 0.4 | H14: 0.18 | I14: 0.2 | J14: 0.34 | K14: 0.39 | L14: 0.24 | N14: Pearson's R | O14: 0.32 | P14: 0.31 | S14: Pearson's R | T14: 0.31 | U14: 0.17 | V14: 0.34
A15: Spearman's ρ | B15: 0.61 | C15: 0.56 | F15: Spearman's ρ | G15: 0.664 | H15: 0.55 | I15: 0.57 | J15: 0.61 | K15: 0.67 | L15: 0.55 | N15: Spearman's ρ | O15: 0.58 | P15: 0.615 | S15: Spearman's ρ | T15: 0.7 | U15: 0.45 | V15: 0.54
A16: Li's ICQ | B16: 0.212 | C16: 0.162 | F16: Li's ICQ | G16: 0.224 | H16: 0.149 | I16: 0.18 | J16: 0.196 | K16: 0.233 | L16: 0.14 | N16: Li's ICQ | O16: 0.19 | P16: 0.162 | S16: Li's ICQ | T16: 0.276 | U16: 0.086 | V16: 0.174
A17: Costes P-value | B17: 1 | C17: 1 | F17: Costes P-value | G17: 1 | H17: 1 | I17: 1 | J17: 1 | K17: 1 | L17: 1 | N17: Costes P-value | O17: 1 | P17: 1 | S17: Costes P-value | T17: 1 | U17: 1 | V17: 1
A18: tM1 | B18: 0.506 | C18: 0.399 | F18: tM1 | G18: 0.375 | H18: 0.318 | I18: 0.407 | J18: 0.286 | K18: 0.381 | L18: 0.676 | N18: tM1 | O18: 0.304 | P18: 0.758 | S18: tM1 | T18: 0.883 | U18: 0.429 | V18: 0.422
A19: tM2 | B19: 0.752 | C19: 0.702 | F19: tM2 | G19: 0.639 | H19: 0.672 | I19: 0.701 | J19: 0.567 | K19: 0.649 | L19: 0.709 | N19: tM2 | O19: 0.577 | P19: 0.773 | S19: tM2 | T19: 0.816 | U19: 0.655 | V19: 0.678
A22: SC35 vs SRSF3 / U2OS cells PER2-GFP + HA-SRSF3 WT | F22: SC35 vs SRSF3 / U2OS cells PER2-GFP + HA-SRSF3 P92-94G | N22: SC35 vs SRSF3 / U2OS cells PER2-GFP + HA-SRSF3 P109-111G | S22: SC35 vs SRSF3 / U2OS cells PER2-GFP + HA-SRSF3 P92-94G/P109-111G
A23: Cell number | B23: 1 | C23: 2 | F23: Cell number | G23: 1 | H23: 2 | I23: 3 | J23: 4 | K23: 5 | L23: 6 | N23: Cell number | O23: 1 | P23: 2 | S23: Cell number | T23: 1 | U23: 2 | V23: 3
A24: Pearson's R | B24: 0.6 | C24: 0.53 | F24: Pearson's R | G24: 0.61 | H24: 0.46 | I24: 0.47 | J24: 0.52 | K24: 0.55 | L24: 0.51 | N24: Pearson's R | O24: 0.53 | P24: 0.54 | S24: Pearson's R | T24: 0.73 | U24: 0.44 | V24: 0.63
A25: Spearman's ρ | B25: 0.68 | C25: 0.626 | F25: Spearman's ρ | G25: 0.67 | H25: 0.568 | I25: 0.6 | J25: 0.67 | K25: 0.7 | L25: 0.666 | N25: Spearman's ρ | O25: 0.578 | P25: 0.66 | S25: Spearman's ρ | T25: 0.795 | U25: 0.52 | V25: 0.656
A26: Li's ICQ | B26: 0.194 | C26: 0.157 | F26: Li's ICQ | G26: 0.186 | H26: 0.117 | I26: 0.151 | J26: 0.168 | K26: 0.211 | L26: 0.155 | N26: Li's ICQ | O26: 0.156 | P26: 0.15 | S26: Li's ICQ | T26: 0.268 | U26: 0.086 | V26: 0.185
A27: Costes P-value | B27: 1 | C27: 1 | F27: Costes P-value | G27: 1 | H27: 1 | I27: 1 | J27: 1 | K27: 1 | L27: 1 | N27: Costes P-value | O27: 1 | P27: 1 | S27: Costes P-value | T27: 1 | U27: 1 | V27: 1
A28: tM1 | B28: 0.478 | C28: 0.498 | F28: tM1 | G28: 0.64 | H28: 0.544 | I28: 0.174 | J28: 0.259 | K28: 0.32 | L28: 0.377 | N28: tM1 | O28: 0.785 | P28: 0.274 | S28: tM1 | T28: 0.311 | U28: 0.745 | V28: 0.61
A29: tM2 | B29: 0.173 | C29: 0.163 | F29: tM2 | G29: 0.292 | H29: 0.16 | I29: 0.102 | J29: 0.146 | K29: 0.197 | L29: 0.118 | N29: tM2 | O29: 0.647 | P29: 0.098 | S29: tM2 | T29: 0.17 | U29: 0.289 | V29: 0.29
